site_id,title,subtitle,seller_id,category_id,official_store_id,price,base_price,original_price,currency_idinitial_quantity,available_quantity,sold_quantity,sale_terms,buying_mode
MLA,Google Chromecast With Google Tv De Voz 4k 8gb Snow Con 2gb De Memoria Ram,,82274172,MLA352001,,38400,38400,,,1,500,"[{'id': 'WARRANTY_TYPE', 'name': 'Tipo de garantía', 'value_id': '2230280', 'value_name': 'Garantía del vendedor', 'value_struct': None, 'values': [{'id': '2230280', 'name': 'Garantía del vendedor', 'struct': None}], 'value_type': 'list'}, {'id': 'WARRANTY_TIME', 'name': 'Tiempo de garantía', 'value_id': None, 'value_name': '12 meses', 'value_struct': {'number': 12, 'unit': 'meses'}, 'values': [{'id': None, 'name': '12 meses', 'struct': {'number': 12, 'unit': 'meses'}}], 'value_type': 'number_unit'}, {'id': 'INVOICE', 'name': 'Facturación', 'value_id': '6891885', 'value_name': 'Factura A', 'value_struct': None, 'values': [{'id': '6891885', 'name': 'Factura A', 'struct': None}], 'value_type': 'list'}]",buy_it_now
MLA,Xiaomi Mi Tv Stick Mdz-24-aa Control De Voz Full Hd 8gb Negro Con 1gb De Memoria Ram,,448487402,MLA352001,,30999,30999,35999,,50,250,"[{'id': 'WARRANTY_TIME', 'name': 'Tiempo de garantía', 'value_id': None, 'value_name': '12 meses', 'value_struct': {'number': 12, 'unit': 'meses'}, 'values': [{'id': None, 'name': '12 meses', 'struct': {'number': 12, 'unit': 'meses'}}], 'value_type': 'number_unit'}, {'id': 'WARRANTY_TYPE', 'name': 'Tipo de garantía', 'value_id': '2230279', 'value_name': 'Garantía de fábrica', 'value_struct': None, 'values': [{'id': '2230279', 'name': 'Garantía de fábrica', 'struct': None}], 'value_type': 'list'}, {'id': 'INVOICE', 'name': 'Facturación', 'value_id': '6891885', 'value_name': 'Factura A', 'value_struct': None, 'values': [{'id': '6891885', 'name': 'Factura A', 'struct': None}], 'value_type': 'list'}]",buy_it_now
MLA,Chromecast Google Ga03131 Google Tv Hd 8gb Blanco,,247639927,MLA352001,,39597,39597,,,1,4,"[{'id': 'INVOICE', 'name': 'Facturación', 'value_id': '6891885', 'value_name': 'Factura A', 'value_struct': None, 'values': [{'id': '6891885', 'name': 'Factura A', 'struct': None}], 'value_type': 'list'}, {'id': 'WARRANTY_TYPE', 'name': 'Tipo de garantía', 'value_id': '2230280', 'value_name': 'Garantía del vendedor', 'value_struct': None, 'values': [{'id': '2230280', 'name': 'Garantía del vendedor', 'struct': None}], 'value_type': 'list'}, {'id': 'WARRANTY_TIME', 'name': 'Tiempo de garantía', 'value_id': None, 'value_name': '3 meses', 'value_struct': {'number': 3, 'unit': 'meses'}, 'values': [{'id': None, 'name': '3 meses', 'struct': {'number': 3, 'unit': 'meses'}}], 'value_type': 'number_unit'}]",buy_it_now
MLA,Google Chromecast With Google Tv De Voz 4k 8gb Sky Con 2gb De Memoria Ram,,318494504,MLA352001,,38199,38199,39999,,250,200,"[{'id': 'INVOICE', 'name': 'Facturación', 'value_id': '6891885', 'value_name': 'Factura A', 'value_struct': None, 'values': [{'id': '6891885', 'name': 'Factura A', 'struct': None}], 'value_type': 'list'}, {'id': 'WARRANTY_TIME', 'name': 'Tiempo de garantía', 'value_id': None, 'value_name': '12 meses', 'value_struct': {'number': 12, 'unit': 'meses'}, 'values': [{'id': None, 'name': '12 meses', 'struct': {'number': 12, 'unit': 'meses'}}], 'value_type': 'number_unit'}, {'id': 'WARRANTY_TYPE', 'name': 'Tipo de garantía', 'value_id': '2230280', 'value_name': 'Garantía del vendedor', 'value_struct': None, 'values': [{'id': '2230280', 'name': 'Garantía del vendedor', 'struct': None}], 'value_type': 'list'}]",buy_it_now
MLA,Xiaomi Mi Box S Mdz-22-ab Control De Voz 4k 8gb Negro Con 2gb De Memoria Ram,,318494504,MLA352001,,46499,46499,49999,,200,5000,"[{'id': 'INVOICE', 'name': 'Facturación', 'value_id': '6891885', 'value_name': 'Factura A', 'value_struct': None, 'values': [{'id': '6891885', 'name': 'Factura A', 'struct': None}], 'value_type': 'list'}, {'id': 'WARRANTY_TYPE', 'name': 'Tipo de garantía', 'value_id': '2230280', 'value_name': 'Garantía del vendedor', 'value_struct': None, 'values': [{'id': '2230280', 'name': 'Garantía del vendedor', 'struct': None}], 'value_type': 'list'}, {'id': 'WARRANTY_TIME', 'name': 'Tiempo de garantía', 'value_id': None, 'value_name': '6 meses', 'value_struct': {'number': 6, 'unit': 'meses'}, 'values': [{'id': None, 'name': '6 meses', 'struct': {'number': 6, 'unit': 'meses'}}], 'value_type': 'number_unit'}]",buy_it_now
MLA,Xiaomi Stick 4k Mdz-27-aa Control De Voz 4k 8gb Negro Con 2gb De Memoria Ram,,1197083508,MLA352001,,35499,35499,,,1,50,"[{'id': 'WARRANTY_TYPE', 'name': 'Tipo de garantía', 'value_id': '2230280', 'value_name': 'Garantía del vendedor', 'value_struct': None, 'values': [{'id': '2230280', 'name': 'Garantía del vendedor', 'struct': None}], 'value_type': 'list'}, {'id': 'WARRANTY_TIME', 'name': 'Tiempo de garantía', 'value_id': None, 'value_name': '3 meses', 'value_struct': {'number': 3, 'unit': 'meses'}, 'values': [{'id': None, 'name': '3 meses', 'struct': {'number': 3, 'unit': 'meses'}}], 'value_type': 'number_unit'}]",buy_it_now
MLA,Tv Box Convertidor Smart 4k Netflix Youtube Android Mini Pc,,220710395,MLA352001,,17998,17998,,,1,5,"[{'id': 'WARRANTY_TIME', 'name': 'Tiempo de garantía', 'value_id': None, 'value_name': '12 meses', 'value_struct': {'number': 12, 'unit': 'meses'}, 'values': [{'id': None, 'name': '12 meses', 'struct': {'number': 12, 'unit': 'meses'}}], 'value_type': 'number_unit'}, {'id': 'INVOICE', 'name': 'Facturación', 'value_id': '6891885', 'value_name': 'Factura A', 'value_struct': None, 'values': [{'id': '6891885', 'name': 'Factura A', 'struct': None}], 'value_type': 'list'}, {'id': 'WARRANTY_TYPE', 'name': 'Tipo de garantía', 'value_id': '2230279', 'value_name': 'Garantía de fábrica', 'value_struct': None, 'values': [{'id': '2230279', 'name': 'Garantía de fábrica', 'struct': None}], 'value_type': 'list'}]",buy_it_now
MLA,Google Chromecast 3 Generacion Nuevo En Caja Hdmi C/ Fuente,,69526727,MLA352001,,23998,23998,,,50,5000,"[{'id': 'INVOICE', 'name': 'Facturación', 'value_id': '6891885', 'value_name': 'Factura A', 'value_struct': None, 'values': [{'id': '6891885', 'name': 'Factura A', 'struct': None}], 'value_type': 'list'}, {'id': 'WARRANTY_TIME', 'name': 'Tiempo de garantía', 'value_id': None, 'value_name': '1 años', 'value_struct': {'number': 1, 'unit': 'años'}, 'values': [{'id': None, 'name': '1 años', 'struct': {'number': 1, 'unit': 'años'}}], 'value_type': 'number_unit'}, {'id': 'WARRANTY_TYPE', 'name': 'Tipo de garantía', 'value_id': '2230279', 'value_name': 'Garantía de fábrica', 'value_struct': None, 'values': [{'id': '2230279', 'name': 'Garantía de fábrica', 'struct': None}], 'value_type': 'list'}]",buy_it_now
MLA, Google Chromecast  3 Full Hd Media Streaming Negro Carbón,,1002842391,MLA352001,,23999,23999,,,1,250,"[{'id': 'WARRANTY_TYPE', 'name': 'Tipo de garantía', 'value_id': '6150835', 'value_name': 'Sin garantía', 'value_struct': None, 'values': [{'id': '6150835', 'name': 'Sin garantía', 'struct': None}], 'value_type': 'list'}, {'id': 'INVOICE', 'name': 'Facturación', 'value_id': '6891885', 'value_name': 'Factura A', 'value_struct': None, 'values': [{'id': '6891885', 'name': 'Factura A', 'struct': None}], 'value_type': 'list'}]",buy_it_now
MLA,Google Chromecast Full Hd Carbón,,318494504,MLA352001,,24749,24749,28999,,200,500,"[{'id': 'WARRANTY_TIME', 'name': 'Tiempo de garantía', 'value_id': None, 'value_name': '12 meses', 'value_struct': {'number': 12, 'unit': 'meses'}, 'values': [{'id': None, 'name': '12 meses', 'struct': {'number': 12, 'unit': 'meses'}}], 'value_type': 'number_unit'}, {'id': 'WARRANTY_TYPE', 'name': 'Tipo de garantía', 'value_id': '2230280', 'value_name': 'Garantía del vendedor', 'value_struct': None, 'values': [{'id': '2230280', 'name': 'Garantía del vendedor', 'struct': None}], 'value_type': 'list'}, {'id': 'INVOICE', 'name': 'Facturación', 'value_id': '6891885', 'value_name': 'Factura A', 'value_struct': None, 'values': [{'id': '6891885', 'name': 'Factura A', 'struct': None}], 'value_type': 'list'}]",buy_it_now
MLA,Google Chromecast 3.ª Generación Full Hd Carbón,,541407353,MLA352001,,28999,28999,,,1,500,"[{'id': 'INVOICE', 'name': 'Facturación', 'value_id': '6891885', 'value_name': 'Factura A', 'value_struct': None, 'values': [{'id': '6891885', 'name': 'Factura A', 'struct': None}], 'value_type': 'list'}, {'id': 'WARRANTY_TIME', 'name': 'Tiempo de garantía', 'value_id': None, 'value_name': '12 meses', 'value_struct': {'number': 12, 'unit': 'meses'}, 'values': [{'id': None, 'name': '12 meses', 'struct': {'number': 12, 'unit': 'meses'}}], 'value_type': 'number_unit'}, {'id': 'WARRANTY_TYPE', 'name': 'Tipo de garantía', 'value_id': '2230280', 'value_name': 'Garantía del vendedor', 'value_struct': None, 'values': [{'id': '2230280', 'name': 'Garantía del vendedor', 'struct': None}], 'value_type': 'list'}]",buy_it_now
MLA,Google Chromecast 3rd Generation Full Hd 1080p Streaming Tv,,499786196,MLA352001,,23990,23990,,,100,500,"[{'id': 'WARRANTY_TIME', 'name': 'Tiempo de garantía', 'value_id': None, 'value_name': '12 meses', 'value_struct': {'number': 12, 'unit': 'meses'}, 'values': [{'id': None, 'name': '12 meses', 'struct': {'number': 12, 'unit': 'meses'}}], 'value_type': 'number_unit'}, {'id': 'WARRANTY_TYPE', 'name': 'Tipo de garantía', 'value_id': '2230280', 'value_name': 'Garantía del vendedor', 'value_struct': None, 'values': [{'id': '2230280', 'name': 'Garantía del vendedor', 'struct': None}], 'value_type': 'list'}, {'id': 'INVOICE', 'name': 'Facturación', 'value_id': '6891885', 'value_name': 'Factura A', 'value_struct': None, 'values': [{'id': '6891885', 'name': 'Factura A', 'struct': None}], 'value_type': 'list'}]",buy_it_now
MLA,Google Chromecast 2.ª Generación Full Hd 256mb Rojo Con 512mb De Memoria Ram,,119914491,MLA352001,,22999,22999,,,1,250,"[{'id': 'WARRANTY_TIME', 'name': 'Tiempo de garantía', 'value_id': None, 'value_name': '6 meses', 'value_struct': {'number': 6, 'unit': 'meses'}, 'values': [{'id': None, 'name': '6 meses', 'struct': {'number': 6, 'unit': 'meses'}}], 'value_type': 'number_unit'}, {'id': 'INVOICE', 'name': 'Facturación', 'value_id': '6891885', 'value_name': 'Factura A', 'value_struct': None, 'values': [{'id': '6891885', 'name': 'Factura A', 'struct': None}], 'value_type': 'list'}, {'id': 'WARRANTY_TYPE', 'name': 'Tipo de garantía', 'value_id': '2230280', 'value_name': 'Garantía del vendedor', 'value_struct': None, 'values': [{'id': '2230280', 'name': 'Garantía del vendedor', 'struct': None}], 'value_type': 'list'}]",buy_it_now
MLA,Chromecast Smart Tv Netflix Google Tv 4k Hdr Control Remoto,,9198894,MLA352001,,38599,38599,,,1,500,"[{'id': 'WARRANTY_TYPE', 'name': 'Tipo de garantía', 'value_id': '2230280', 'value_name': 'Garantía del vendedor', 'value_struct': None, 'values': [{'id': '2230280', 'name': 'Garantía del vendedor', 'struct': None}], 'value_type': 'list'}, {'id': 'WARRANTY_TIME', 'name': 'Tiempo de garantía', 'value_id': None, 'value_name': '6 meses', 'value_struct': {'number': 6, 'unit': 'meses'}, 'values': [{'id': None, 'name': '6 meses', 'struct': {'number': 6, 'unit': 'meses'}}], 'value_type': 'number_unit'}, {'id': 'INVOICE', 'name': 'Facturación', 'value_id': '6891885', 'value_name': 'Factura A', 'value_struct': None, 'values': [{'id': '6891885', 'name': 'Factura A', 'struct': None}], 'value_type': 'list'}, {'id': 'PURCHASE_MAX_QUANTITY', 'name': 'Cantidad máxima de compra', 'value_id': None, 'value_name': '1', 'value_struct': None, 'values': [{'id': None, 'name': '1', 'struct': None}], 'value_type': 'number'}]",buy_it_now
MLA,Xiaomi Mi Tv Stick Full Hd Chromecast Android Netflix Amazon,,31934481,MLA352001,,35999,35999,,,1,250,"[{'id': 'WARRANTY_TYPE', 'name': 'Tipo de garantía', 'value_id': '2230279', 'value_name': 'Garantía de fábrica', 'value_struct': None, 'values': [{'id': '2230279', 'name': 'Garantía de fábrica', 'struct': None}], 'value_type': 'list'}, {'id': 'WARRANTY_TIME', 'name': 'Tiempo de garantía', 'value_id': None, 'value_name': '3 meses', 'value_struct': {'number': 3, 'unit': 'meses'}, 'values': [{'id': None, 'name': '3 meses', 'struct': {'number': 3, 'unit': 'meses'}}], 'value_type': 'number_unit'}, {'id': 'INVOICE', 'name': 'Facturación', 'value_id': '6891885', 'value_name': 'Factura A', 'value_struct': None, 'values': [{'id': '6891885', 'name': 'Factura A', 'struct': None}], 'value_type': 'list'}]",buy_it_now
MLA,Tv Stick Anycast M9 Plus Negro Con 128mb De Memoria Ram,,264490310,MLA352001,,11864,11864,,,1,50,"[{'id': 'WARRANTY_TIME', 'name': 'Tiempo de garantía', 'value_id': None, 'value_name': '6 meses', 'value_struct': {'number': 6, 'unit': 'meses'}, 'values': [{'id': None, 'name': '6 meses', 'struct': {'number': 6, 'unit': 'meses'}}], 'value_type': 'number_unit'}, {'id': 'WARRANTY_TYPE', 'name': 'Tipo de garantía', 'value_id': '2230280', 'value_name': 'Garantía del vendedor', 'value_struct': None, 'values': [{'id': '2230280', 'name': 'Garantía del vendedor', 'struct': None}], 'value_type': 'list'}, {'id': 'INVOICE', 'name': 'Facturación', 'value_id': '6891885', 'value_name': 'Factura A', 'value_struct': None, 'values': [{'id': '6891885', 'name': 'Factura A', 'struct': None}], 'value_type': 'list'}]",buy_it_now
MLA,Xiaomi Tv Stick 4k 2gb Ram 8gb Rom C/control Netflix-android,,262582139,MLA352001,,39846.29,39846.29,,,50,50,"[{'id': 'WARRANTY_TYPE', 'name': 'Tipo de garantía', 'value_id': '2230279', 'value_name': 'Garantía de fábrica', 'value_struct': None, 'values': [{'id': '2230279', 'name': 'Garantía de fábrica', 'struct': None}], 'value_type': 'list'}, {'id': 'INVOICE', 'name': 'Facturación', 'value_id': '6891885', 'value_name': 'Factura A', 'value_struct': None, 'values': [{'id': '6891885', 'name': 'Factura A', 'struct': None}], 'value_type': 'list'}, {'id': 'WARRANTY_TIME', 'name': 'Tiempo de garantía', 'value_id': None, 'value_name': '6 meses', 'value_struct': {'number': 6, 'unit': 'meses'}, 'values': [{'id': None, 'name': '6 meses', 'struct': {'number': 6, 'unit': 'meses'}}], 'value_type': 'number_unit'}]",buy_it_now
MLA,Google Chromecast 2.ª Generación Full Hd 256mb Amarillo Con 512mb De Memoria Ram,,309453406,MLA352001,,24999,24999,,,50,200,"[{'id': 'INVOICE', 'name': 'Facturación', 'value_id': '6891885', 'value_name': 'Factura A', 'value_struct': None, 'values': [{'id': '6891885', 'name': 'Factura A', 'struct': None}], 'value_type': 'list'}, {'id': 'WARRANTY_TYPE', 'name': 'Tipo de garantía', 'value_id': '2230280', 'value_name': 'Garantía del vendedor', 'value_struct': None, 'values': [{'id': '2230280', 'name': 'Garantía del vendedor', 'struct': None}], 'value_type': 'list'}, {'id': 'WARRANTY_TIME', 'name': 'Tiempo de garantía', 'value_id': None, 'value_name': '6 meses', 'value_struct': {'number': 6, 'unit': 'meses'}, 'values': [{'id': None, 'name': '6 meses', 'struct': {'number': 6, 'unit': 'meses'}}], 'value_type': 'number_unit'}]",buy_it_now
MLA,Google Chromecast 3 Streaming Player Original Caja C/ Fuente,,499786196,MLA352001,,27599,27599,,,150,500,"[{'id': 'WARRANTY_TYPE', 'name': 'Tipo de garantía', 'value_id': '2230280', 'value_name': 'Garantía del vendedor', 'value_struct': None, 'values': [{'id': '2230280', 'name': 'Garantía del vendedor', 'struct': None}], 'value_type': 'list'}, {'id': 'INVOICE', 'name': 'Facturación', 'value_id': '6891885', 'value_name': 'Factura A', 'value_struct': None, 'values': [{'id': '6891885', 'name': 'Factura A', 'struct': None}], 'value_type': 'list'}, {'id': 'WARRANTY_TIME', 'name': 'Tiempo de garantía', 'value_id': None, 'value_name': '6 meses', 'value_struct': {'number': 6, 'unit': 'meses'}, 'values': [{'id': None, 'name': '6 meses', 'struct': {'number': 6, 'unit': 'meses'}}], 'value_type': 'number_unit'}]",buy_it_now
MLA,Tv Stick Realme 4k Smart Tv Stick Control De Voz 4k 8gb Negro Con 2gb De Memoria Ram,,1197083508,MLA352001,,35999,35999,,,1,0,"[{'id': 'INVOICE', 'name': 'Facturación', 'value_id': '6891885', 'value_name': 'Factura A', 'value_struct': None, 'values': [{'id': '6891885', 'name': 'Factura A', 'struct': None}], 'value_type': 'list'}, {'id': 'WARRANTY_TYPE', 'name': 'Tipo de garantía', 'value_id': '2230280', 'value_name': 'Garantía del vendedor', 'value_struct': None, 'values': [{'id': '2230280', 'name': 'Garantía del vendedor', 'struct': None}], 'value_type': 'list'}, {'id': 'WARRANTY_TIME', 'name': 'Tiempo de garantía', 'value_id': None, 'value_name': '10 días', 'value_struct': {'number': 10, 'unit': 'días'}, 'values': [{'id': None, 'name': '10 días', 'struct': {'number': 10, 'unit': 'días'}}], 'value_type': 'number_unit'}]",buy_it_now
MLA,Google Chromecast Google Tv De Voz 4k 8gb Cargador Original,,247639927,MLA352001,,45888,45888,,,1,200,"[{'id': 'WARRANTY_TIME', 'name': 'Tiempo de garantía', 'value_id': None, 'value_name': '3 meses', 'value_struct': {'number': 3, 'unit': 'meses'}, 'values': [{'id': None, 'name': '3 meses', 'struct': {'number': 3, 'unit': 'meses'}}], 'value_type': 'number_unit'}, {'id': 'INVOICE', 'name': 'Facturación', 'value_id': '6891885', 'value_name': 'Factura A', 'value_struct': None, 'values': [{'id': '6891885', 'name': 'Factura A', 'struct': None}], 'value_type': 'list'}, {'id': 'WARRANTY_TYPE', 'name': 'Tipo de garantía', 'value_id': '2230280', 'value_name': 'Garantía del vendedor', 'value_struct': None, 'values': [{'id': '2230280', 'name': 'Garantía del vendedor', 'struct': None}], 'value_type': 'list'}]",buy_it_now
MLA,Anycast M9 Plus Netflix Flow Smart Tv Chromecast Wifi 2.4g ,,39384567,MLA352001,,11864.0,11864.0,,,1,250,"[{'id': 'INVOICE', 'name': 'Facturación', 'value_id': '6891885', 'value_name': 'Factura A', 'value_struct': None, 'values': [{'id': '6891885', 'name': 'Factura A', 'struct': None}], 'value_type': 'list'}, {'id': 'WARRANTY_TIME', 'name': 'Tiempo de garantía', 'value_id': None, 'value_name': '6 meses', 'value_struct': {'number': 6, 'unit': 'meses'}, 'values': [{'id': None, 'name': '6 meses', 'struct': {'number': 6, 'unit': 'meses'}}], 'value_type': 'number_unit'}, {'id': 'WARRANTY_TYPE', 'name': 'Tipo de garantía', 'value_id': '2230280', 'value_name': 'Garantía del vendedor', 'value_struct': None, 'values': [{'id': '2230280', 'name': 'Garantía del vendedor', 'struct': None}], 'value_type': 'list'}]",buy_it_now
MLA,Google Chromecast 3 Cromecast 3era Generacion 2019 Netflix,,309453406,MLA352001,,29999,29999,,,500,500,"[{'id': 'WARRANTY_TYPE', 'name': 'Tipo de garantía', 'value_id': '2230280', 'value_name': 'Garantía del vendedor', 'value_struct': None, 'values': [{'id': '2230280', 'name': 'Garantía del vendedor', 'struct': None}], 'value_type': 'list'}, {'id': 'INVOICE', 'name': 'Facturación', 'value_id': '6891885', 'value_name': 'Factura A', 'value_struct': None, 'values': [{'id': '6891885', 'name': 'Factura A', 'struct': None}], 'value_type': 'list'}, {'id': 'WARRANTY_TIME', 'name': 'Tiempo de garantía', 'value_id': None, 'value_name': '6 meses', 'value_struct': {'number': 6, 'unit': 'meses'}, 'values': [{'id': None, 'name': '6 meses', 'struct': {'number': 6, 'unit': 'meses'}}], 'value_type': 'number_unit'}]",buy_it_now
MLA,Google Chromecast 4 Smart Tv 4k Hdmi Control De Voz 8gb,,210728070,MLA352001,,45973,45973,,,1,5,"[{'id': 'WARRANTY_TYPE', 'name': 'Tipo de garantía', 'value_id': '2230280', 'value_name': 'Garantía del vendedor', 'value_struct': None, 'values': [{'id': '2230280', 'name': 'Garantía del vendedor', 'struct': None}], 'value_type': 'list'}, {'id': 'WARRANTY_TIME', 'name': 'Tiempo de garantía', 'value_id': None, 'value_name': '6 meses', 'value_struct': {'number': 6, 'unit': 'meses'}, 'values': [{'id': None, 'name': '6 meses', 'struct': {'number': 6, 'unit': 'meses'}}], 'value_type': 'number_unit'}, {'id': 'INVOICE', 'name': 'Facturación', 'value_id': '6891885', 'value_name': 'Factura A', 'value_struct': None, 'values': [{'id': '6891885', 'name': 'Factura A', 'struct': None}], 'value_type': 'list'}]",buy_it_now
MLA,Google Chromecast With Google Tv 4 K + Cargador Original ,,247639927,MLA352001,,41998,41998,,,1,5,"[{'id': 'INVOICE', 'name': 'Facturación', 'value_id': '6891885', 'value_name': 'Factura A', 'value_struct': None, 'values': [{'id': '6891885', 'name': 'Factura A', 'struct': None}], 'value_type': 'list'}, {'id': 'WARRANTY_TIME', 'name': 'Tiempo de garantía', 'value_id': None, 'value_name': '3 meses', 'value_struct': {'number': 3, 'unit': 'meses'}, 'values': [{'id': None, 'name': '3 meses', 'struct': {'number': 3, 'unit': 'meses'}}], 'value_type': 'number_unit'}, {'id': 'WARRANTY_TYPE', 'name': 'Tipo de garantía', 'value_id': '2230280', 'value_name': 'Garantía del vendedor', 'value_struct': None, 'values': [{'id': '2230280', 'name': 'Garantía del vendedor', 'struct': None}], 'value_type': 'list'}]",buy_it_now
MLA,Google Chromecast 3.ª Generación Full Hd Carbón,,245720805,MLA352001,,27485,27485,,,1,5,"[{'id': 'WARRANTY_TYPE', 'name': 'Tipo de garantía', 'value_id': '2230280', 'value_name': 'Garantía del vendedor', 'value_struct': None, 'values': [{'id': '2230280', 'name': 'Garantía del vendedor', 'struct': None}], 'value_type': 'list'}, {'id': 'INVOICE', 'name': 'Facturación', 'value_id': '6891885', 'value_name': 'Factura A', 'value_struct': None, 'values': [{'id': '6891885', 'name': 'Factura A', 'struct': None}], 'value_type': 'list'}, {'id': 'WARRANTY_TIME', 'name': 'Tiempo de garantía', 'value_id': None, 'value_name': '1 meses', 'value_struct': {'number': 1, 'unit': 'meses'}, 'values': [{'id': None, 'name': '1 meses', 'struct': {'number': 1, 'unit': 'meses'}}], 'value_type': 'number_unit'}]",buy_it_now
MLA,Xiaomi Stick Tv 4k 8gb 2gb Ram Con Control De Voz,,294490958,MLA352001,,35989,35989,,,1,1,"[{'id': 'WARRANTY_TYPE', 'name': 'Tipo de garantía', 'value_id': '2230280', 'value_name': 'Garantía del vendedor', 'value_struct': None, 'values': [{'id': '2230280', 'name': 'Garantía del vendedor', 'struct': None}], 'value_type': 'list'}, {'id': 'WARRANTY_TIME', 'name': 'Tiempo de garantía', 'value_id': None, 'value_name': '3 meses', 'value_struct': {'number': 3, 'unit': 'meses'}, 'values': [{'id': None, 'name': '3 meses', 'struct': {'number': 3, 'unit': 'meses'}}], 'value_type': 'number_unit'}, {'id': 'INVOICE', 'name': 'Facturación', 'value_id': '6891885', 'value_name': 'Factura A', 'value_struct': None, 'values': [{'id': '6891885', 'name': 'Factura A', 'struct': None}], 'value_type': 'list'}]",buy_it_now
MLA,Xiaomi Mi Box S Mdz-28-aa 4k 8gb 2gb Ram 2th Gen Google Tv,,1197083508,MLA352001,,48499,48499,,,1,5,"[{'id': 'WARRANTY_TIME', 'name': 'Tiempo de garantía', 'value_id': None, 'value_name': '10 días', 'value_struct': {'number': 10, 'unit': 'días'}, 'values': [{'id': None, 'name': '10 días', 'struct': {'number': 10, 'unit': 'días'}}], 'value_type': 'number_unit'}, {'id': 'WARRANTY_TYPE', 'name': 'Tipo de garantía', 'value_id': '2230280', 'value_name': 'Garantía del vendedor', 'value_struct': None, 'values': [{'id': '2230280', 'name': 'Garantía del vendedor', 'struct': None}], 'value_type': 'list'}]",buy_it_now
MLA,Tv Box Nvidia Shield Tv Pro Versión 2019 Control De Voz 4k 16gb Negro Con 3gb De Memoria Ram,,482880972,MLA352001,,179999,179999,,,1,25,"[{'id': 'INVOICE', 'name': 'Facturación', 'value_id': '6891885', 'value_name': 'Factura A', 'value_struct': None, 'values': [{'id': '6891885', 'name': 'Factura A', 'struct': None}], 'value_type': 'list'}, {'id': 'WARRANTY_TYPE', 'name': 'Tipo de garantía', 'value_id': '2230280', 'value_name': 'Garantía del vendedor', 'value_struct': None, 'values': [{'id': '2230280', 'name': 'Garantía del vendedor', 'struct': None}], 'value_type': 'list'}, {'id': 'WARRANTY_TIME', 'name': 'Tiempo de garantía', 'value_id': None, 'value_name': '3 meses', 'value_struct': {'number': 3, 'unit': 'meses'}, 'values': [{'id': None, 'name': '3 meses', 'struct': {'number': 3, 'unit': 'meses'}}], 'value_type': 'number_unit'}]",buy_it_now
MLA,Google Chromecast 2 Gen Smart Tv Hdmi Netflix Sin Caja Bulk ,,86898163,MLA352001,,17999,17999,,,1,250,"[{'id': 'WARRANTY_TIME', 'name': 'Tiempo de garantía', 'value_id': None, 'value_name': '3 meses', 'value_struct': {'number': 3, 'unit': 'meses'}, 'values': [{'id': None, 'name': '3 meses', 'struct': {'number': 3, 'unit': 'meses'}}], 'value_type': 'number_unit'}, {'id': 'INVOICE', 'name': 'Facturación', 'value_id': '6891885', 'value_name': 'Factura A', 'value_struct': None, 'values': [{'id': '6891885', 'name': 'Factura A', 'struct': None}], 'value_type': 'list'}, {'id': 'WARRANTY_TYPE', 'name': 'Tipo de garantía', 'value_id': '2230280', 'value_name': 'Garantía del vendedor', 'value_struct': None, 'values': [{'id': '2230280', 'name': 'Garantía del vendedor', 'struct': None}], 'value_type': 'list'}]",buy_it_now
MLA,Google Chromecast Hd Con Google Tv Y C Remoto,,155107410,MLA352001,,42990,42990,,,50,5,"[{'id': 'WARRANTY_TYPE', 'name': 'Tipo de garantía', 'value_id': '2230279', 'value_name': 'Garantía de fábrica', 'value_struct': None, 'values': [{'id': '2230279', 'name': 'Garantía de fábrica', 'struct': None}], 'value_type': 'list'}, {'id': 'WARRANTY_TIME', 'name': 'Tiempo de garantía', 'value_id': None, 'value_name': '6 meses', 'value_struct': {'number': 6, 'unit': 'meses'}, 'values': [{'id': None, 'name': '6 meses', 'struct': {'number': 6, 'unit': 'meses'}}], 'value_type': 'number_unit'}, {'id': 'INVOICE', 'name': 'Facturación', 'value_id': '6891885', 'value_name': 'Factura A', 'value_struct': None, 'values': [{'id': '6891885', 'name': 'Factura A', 'struct': None}], 'value_type': 'list'}]",buy_it_now
MLA, Chromecast 4 + Google Tv 4k Cargador Original Cuot.s S/ Int,,247639927,MLA352001,,62997,62997,,,1,2,"[{'id': 'WARRANTY_TIME', 'name': 'Tiempo de garantía', 'value_id': None, 'value_name': '3 meses', 'value_struct': {'number': 3, 'unit': 'meses'}, 'values': [{'id': None, 'name': '3 meses', 'struct': {'number': 3, 'unit': 'meses'}}], 'value_type': 'number_unit'}, {'id': 'INVOICE', 'name': 'Facturación', 'value_id': '6891885', 'value_name': 'Factura A', 'value_struct': None, 'values': [{'id': '6891885', 'name': 'Factura A', 'struct': None}], 'value_type': 'list'}, {'id': 'WARRANTY_TYPE', 'name': 'Tipo de garantía', 'value_id': '2230280', 'value_name': 'Garantía del vendedor', 'value_struct': None, 'values': [{'id': '2230280', 'name': 'Garantía del vendedor', 'struct': None}], 'value_type': 'list'}]",buy_it_now
MLA,Google Chromecast 3 Generacion Smart Tv Original + Fuente,,86898163,MLA352001,,23999,23999,,,50,500,"[{'id': 'WARRANTY_TYPE', 'name': 'Tipo de garantía', 'value_id': '2230280', 'value_name': 'Garantía del vendedor', 'value_struct': None, 'values': [{'id': '2230280', 'name': 'Garantía del vendedor', 'struct': None}], 'value_type': 'list'}, {'id': 'INVOICE', 'name': 'Facturación', 'value_id': '6891885', 'value_name': 'Factura A', 'value_struct': None, 'values': [{'id': '6891885', 'name': 'Factura A', 'struct': None}], 'value_type': 'list'}, {'id': 'WARRANTY_TIME', 'name': 'Tiempo de garantía', 'value_id': None, 'value_name': '12 meses', 'value_struct': {'number': 12, 'unit': 'meses'}, 'values': [{'id': None, 'name': '12 meses', 'struct': {'number': 12, 'unit': 'meses'}}], 'value_type': 'number_unit'}]",buy_it_now
MLA,Chromecast Google 3rd Generation  Full Hd 1080 Hdmi,,84504653,MLA352001,,25900,25900,,,1,25,"[{'id': 'WARRANTY_TIME', 'name': 'Tiempo de garantía', 'value_id': None, 'value_name': '30 días', 'value_struct': {'number': 30, 'unit': 'días'}, 'values': [{'id': None, 'name': '30 días', 'struct': {'number': 30, 'unit': 'días'}}], 'value_type': 'number_unit'}, {'id': 'INVOICE', 'name': 'Facturación', 'value_id': '6891885', 'value_name': 'Factura A', 'value_struct': None, 'values': [{'id': '6891885', 'name': 'Factura A', 'struct': None}], 'value_type': 'list'}, {'id': 'WARRANTY_TYPE', 'name': 'Tipo de garantía', 'value_id': '2230280', 'value_name': 'Garantía del vendedor', 'value_struct': None, 'values': [{'id': '2230280', 'name': 'Garantía del vendedor', 'struct': None}], 'value_type': 'list'}]",buy_it_now
MLA,Google Chromecast 3 Gen Smart Tv Hdmi Caja C/ Fuente,,82274172,MLA352001,,30000,30000,,,1,250,"[{'id': 'WARRANTY_TIME', 'name': 'Tiempo de garantía', 'value_id': None, 'value_name': '12 meses', 'value_struct': {'number': 12, 'unit': 'meses'}, 'values': [{'id': None, 'name': '12 meses', 'struct': {'number': 12, 'unit': 'meses'}}], 'value_type': 'number_unit'}, {'id': 'WARRANTY_TYPE', 'name': 'Tipo de garantía', 'value_id': '2230280', 'value_name': 'Garantía del vendedor', 'value_struct': None, 'values': [{'id': '2230280', 'name': 'Garantía del vendedor', 'struct': None}], 'value_type': 'list'}]",buy_it_now
MLA,Google Chromecast 3 Generacion Original En Caja Hdmi Usb,,69526727,MLA352001,,23900,23900,,,100,150,"[{'id': 'INVOICE', 'name': 'Facturación', 'value_id': '6891885', 'value_name': 'Factura A', 'value_struct': None, 'values': [{'id': '6891885', 'name': 'Factura A', 'struct': None}], 'value_type': 'list'}, {'id': 'WARRANTY_TYPE', 'name': 'Tipo de garantía', 'value_id': '2230280', 'value_name': 'Garantía del vendedor', 'value_struct': None, 'values': [{'id': '2230280', 'name': 'Garantía del vendedor', 'struct': None}], 'value_type': 'list'}, {'id': 'WARRANTY_TIME', 'name': 'Tiempo de garantía', 'value_id': None, 'value_name': '12 meses', 'value_struct': {'number': 12, 'unit': 'meses'}, 'values': [{'id': None, 'name': '12 meses', 'struct': {'number': 12, 'unit': 'meses'}}], 'value_type': 'number_unit'}]",buy_it_now
MLA,Google Chromecast 3 Smart Tv Hdmi Usb Nuevo Modelo Local,,96270679,MLA352001,,23999,23999,,,500,5000,"[{'id': 'INVOICE', 'name': 'Facturación', 'value_id': '6891885', 'value_name': 'Factura A', 'value_struct': None, 'values': [{'id': '6891885', 'name': 'Factura A', 'struct': None}], 'value_type': 'list'}, {'id': 'WARRANTY_TYPE', 'name': 'Tipo de garantía', 'value_id': '2230280', 'value_name': 'Garantía del vendedor', 'value_struct': None, 'values': [{'id': '2230280', 'name': 'Garantía del vendedor', 'struct': None}], 'value_type': 'list'}, {'id': 'WARRANTY_TIME', 'name': 'Tiempo de garantía', 'value_id': None, 'value_name': '12 meses', 'value_struct': {'number': 12, 'unit': 'meses'}, 'values': [{'id': None, 'name': '12 meses', 'struct': {'number': 12, 'unit': 'meses'}}], 'value_type': 'number_unit'}]",buy_it_now
MLA,Google Chromecast 2 Gen Smart Tv Hdmi Netflix Bulk Sin Caja,,82274172,MLA352001,,18999,18999,,,1,500,"[{'id': 'WARRANTY_TYPE', 'name': 'Tipo de garantía', 'value_id': '2230280', 'value_name': 'Garantía del vendedor', 'value_struct': None, 'values': [{'id': '2230280', 'name': 'Garantía del vendedor', 'struct': None}], 'value_type': 'list'}, {'id': 'WARRANTY_TIME', 'name': 'Tiempo de garantía', 'value_id': None, 'value_name': '6 meses', 'value_struct': {'number': 6, 'unit': 'meses'}, 'values': [{'id': None, 'name': '6 meses', 'struct': {'number': 6, 'unit': 'meses'}}], 'value_type': 'number_unit'}]",buy_it_now
MLA,Xiaomi Mi Box S Android Tv Chromecast Incorporado 4k Hdr ,,31934481,MLA352001,,47900,47900,,,1,5,"[{'id': 'WARRANTY_TYPE', 'name': 'Tipo de garantía', 'value_id': '2230279', 'value_name': 'Garantía de fábrica', 'value_struct': None, 'values': [{'id': '2230279', 'name': 'Garantía de fábrica', 'struct': None}], 'value_type': 'list'}, {'id': 'WARRANTY_TIME', 'name': 'Tiempo de garantía', 'value_id': None, 'value_name': '3 meses', 'value_struct': {'number': 3, 'unit': 'meses'}, 'values': [{'id': None, 'name': '3 meses', 'struct': {'number': 3, 'unit': 'meses'}}], 'value_type': 'number_unit'}]",buy_it_now
MLA,Nuevo Google Chromecast 3 Hdmi Streaming Media Player Nuevo,,247639927,MLA352001,,23888,23888,,,1,5,"[{'id': 'INVOICE', 'name': 'Facturación', 'value_id': '6891885', 'value_name': 'Factura A', 'value_struct': None, 'values': [{'id': '6891885', 'name': 'Factura A', 'struct': None}], 'value_type': 'list'}, {'id': 'WARRANTY_TIME', 'name': 'Tiempo de garantía', 'value_id': None, 'value_name': '3 meses', 'value_struct': {'number': 3, 'unit': 'meses'}, 'values': [{'id': None, 'name': '3 meses', 'struct': {'number': 3, 'unit': 'meses'}}], 'value_type': 'number_unit'}, {'id': 'WARRANTY_TYPE', 'name': 'Tipo de garantía', 'value_id': '2230280', 'value_name': 'Garantía del vendedor', 'value_struct': None, 'values': [{'id': '2230280', 'name': 'Garantía del vendedor', 'struct': None}], 'value_type': 'list'}]",buy_it_now
MLA, Chromecast With Google Tv  De Voz 4k 8gb Sky Blue 2gb Ram,,541407353,MLA352001,,38139,38139,39999,,250,5,"[{'id': 'INVOICE', 'name': 'Facturación', 'value_id': '6891885', 'value_name': 'Factura A', 'value_struct': None, 'values': [{'id': '6891885', 'name': 'Factura A', 'struct': None}], 'value_type': 'list'}, {'id': 'WARRANTY_TYPE', 'name': 'Tipo de garantía', 'value_id': '2230280', 'value_name': 'Garantía del vendedor', 'value_struct': None, 'values': [{'id': '2230280', 'name': 'Garantía del vendedor', 'struct': None}], 'value_type': 'list'}, {'id': 'WARRANTY_TIME', 'name': 'Tiempo de garantía', 'value_id': None, 'value_name': '12 meses', 'value_struct': {'number': 12, 'unit': 'meses'}, 'values': [{'id': None, 'name': '12 meses', 'struct': {'number': 12, 'unit': 'meses'}}], 'value_type': 'number_unit'}]",buy_it_now
MLA,Xiaomi Mi Tv Box S 2 Gb Ram 8 Gb 4k Control Remoto C/voz,,541407353,MLA352001,,46499,46499,49999,,200,5,"[{'id': 'INVOICE', 'name': 'Facturación', 'value_id': '6891885', 'value_name': 'Factura A', 'value_struct': None, 'values': [{'id': '6891885', 'name': 'Factura A', 'struct': None}], 'value_type': 'list'}, {'id': 'WARRANTY_TYPE', 'name': 'Tipo de garantía', 'value_id': '2230280', 'value_name': 'Garantía del vendedor', 'value_struct': None, 'values': [{'id': '2230280', 'name': 'Garantía del vendedor', 'struct': None}], 'value_type': 'list'}, {'id': 'WARRANTY_TIME', 'name': 'Tiempo de garantía', 'value_id': None, 'value_name': '12 meses', 'value_struct': {'number': 12, 'unit': 'meses'}, 'values': [{'id': None, 'name': '12 meses', 'struct': {'number': 12, 'unit': 'meses'}}], 'value_type': 'number_unit'}]",buy_it_now
MLA,Google Chromecast With Google Tv De Voz 4k Snow Androidtv,,199785787,MLA352001,,57300,57300,,,1,5,"[{'id': 'WARRANTY_TYPE', 'name': 'Tipo de garantía', 'value_id': '2230280', 'value_name': 'Garantía del vendedor', 'value_struct': None, 'values': [{'id': '2230280', 'name': 'Garantía del vendedor', 'struct': None}], 'value_type': 'list'}, {'id': 'INVOICE', 'name': 'Facturación', 'value_id': '6891885', 'value_name': 'Factura A', 'value_struct': None, 'values': [{'id': '6891885', 'name': 'Factura A', 'struct': None}], 'value_type': 'list'}, {'id': 'WARRANTY_TIME', 'name': 'Tiempo de garantía', 'value_id': None, 'value_name': '6 meses', 'value_struct': {'number': 6, 'unit': 'meses'}, 'values': [{'id': None, 'name': '6 meses', 'struct': {'number': 6, 'unit': 'meses'}}], 'value_type': 'number_unit'}]",buy_it_now
MLA,Google Chromecast 4 Smart Tv 4k Hdmi 8gb Streaming Control,,156810734,MLA352001,,45973,45973,,,1,5,"[{'id': 'WARRANTY_TIME', 'name': 'Tiempo de garantía', 'value_id': None, 'value_name': '6 meses', 'value_struct': {'number': 6, 'unit': 'meses'}, 'values': [{'id': None, 'name': '6 meses', 'struct': {'number': 6, 'unit': 'meses'}}], 'value_type': 'number_unit'}, {'id': 'INVOICE', 'name': 'Facturación', 'value_id': '6891885', 'value_name': 'Factura A', 'value_struct': None, 'values': [{'id': '6891885', 'name': 'Factura A', 'struct': None}], 'value_type': 'list'}, {'id': 'WARRANTY_TYPE', 'name': 'Tipo de garantía', 'value_id': '2230280', 'value_name': 'Garantía del vendedor', 'value_struct': None, 'values': [{'id': '2230280', 'name': 'Garantía del vendedor', 'struct': None}], 'value_type': 'list'}]",buy_it_now
MLA,Chromecast 4° Con Google Tv Full Hd Cargador 220v 8gb,,247639927,MLA352001,,39997,39997,,,1,5,"[{'id': 'INVOICE', 'name': 'Facturación', 'value_id': '6891885', 'value_name': 'Factura A', 'value_struct': None, 'values': [{'id': '6891885', 'name': 'Factura A', 'struct': None}], 'value_type': 'list'}, {'id': 'WARRANTY_TYPE', 'name': 'Tipo de garantía', 'value_id': '2230280', 'value_name': 'Garantía del vendedor', 'value_struct': None, 'values': [{'id': '2230280', 'name': 'Garantía del vendedor', 'struct': None}], 'value_type': 'list'}, {'id': 'WARRANTY_TIME', 'name': 'Tiempo de garantía', 'value_id': None, 'value_name': '3 meses', 'value_struct': {'number': 3, 'unit': 'meses'}, 'values': [{'id': None, 'name': '3 meses', 'struct': {'number': 3, 'unit': 'meses'}}], 'value_type': 'number_unit'}]",buy_it_now
MLA,Chromecast 4 Smart Tv Netflix Googletv 4k Hdr Control Remoto,,167338436,MLA352001,,38399,38399,,,1,100,"[{'id': 'WARRANTY_TYPE', 'name': 'Tipo de garantía', 'value_id': '2230280', 'value_name': 'Garantía del vendedor', 'value_struct': None, 'values': [{'id': '2230280', 'name': 'Garantía del vendedor', 'struct': None}], 'value_type': 'list'}, {'id': 'INVOICE', 'name': 'Facturación', 'value_id': '6891885', 'value_name': 'Factura A', 'value_struct': None, 'values': [{'id': '6891885', 'name': 'Factura A', 'struct': None}], 'value_type': 'list'}, {'id': 'WARRANTY_TIME', 'name': 'Tiempo de garantía', 'value_id': None, 'value_name': '6 meses', 'value_struct': {'number': 6, 'unit': 'meses'}, 'values': [{'id': None, 'name': '6 meses', 'struct': {'number': 6, 'unit': 'meses'}}], 'value_type': 'number_unit'}]",buy_it_now
MLA,Chromecast Google 3rd Generacion,,82521850,MLA352001,,41999,41999,,,50,3,"[{'id': 'WARRANTY_TIME', 'name': 'Tiempo de garantía', 'value_id': None, 'value_name': '12 meses', 'value_struct': {'number': 12, 'unit': 'meses'}, 'values': [{'id': None, 'name': '12 meses', 'struct': {'number': 12, 'unit': 'meses'}}], 'value_type': 'number_unit'}, {'id': 'WARRANTY_TYPE', 'name': 'Tipo de garantía', 'value_id': '2230279', 'value_name': 'Garantía de fábrica', 'value_struct': None, 'values': [{'id': '2230279', 'name': 'Garantía de fábrica', 'struct': None}], 'value_type': 'list'}]",buy_it_now
MLA,Google Chromecast 4k Android Tv Control De Voz Color Blanco!,,61852079,MLA352001,,57890,57890,,,1,100,"[{'id': 'INVOICE', 'name': 'Facturación', 'value_id': '6891885', 'value_name': 'Factura A', 'value_struct': None, 'values': [{'id': '6891885', 'name': 'Factura A', 'struct': None}], 'value_type': 'list'}, {'id': 'WARRANTY_TYPE', 'name': 'Tipo de garantía', 'value_id': '2230279', 'value_name': 'Garantía de fábrica', 'value_struct': None, 'values': [{'id': '2230279', 'name': 'Garantía de fábrica', 'struct': None}], 'value_type': 'list'}, {'id': 'WARRANTY_TIME', 'name': 'Tiempo de garantía', 'value_id': None, 'value_name': '1 años', 'value_struct': {'number': 1, 'unit': 'años'}, 'values': [{'id': None, 'name': '1 años', 'struct': {'number': 1, 'unit': 'años'}}], 'value_type': 'number_unit'}]",buy_it_now
MLA,Google Chromecast 3 Generacion 1080p Caja 100% Original,,86898163,MLA352001,,23990,23990,,,150,50,"[{'id': 'WARRANTY_TIME', 'name': 'Tiempo de garantía', 'value_id': None, 'value_name': '12 meses', 'value_struct': {'number': 12, 'unit': 'meses'}, 'values': [{'id': None, 'name': '12 meses', 'struct': {'number': 12, 'unit': 'meses'}}], 'value_type': 'number_unit'}, {'id': 'WARRANTY_TYPE', 'name': 'Tipo de garantía', 'value_id': '2230280', 'value_name': 'Garantía del vendedor', 'value_struct': None, 'values': [{'id': '2230280', 'name': 'Garantía del vendedor', 'struct': None}], 'value_type': 'list'}]",buy_it_now
MLA,Google Chromecast With Google Tv De Voz 4k 8gb Snow 2gb Ram,,96270679,MLA352001,,64999,64999,,,500,250,"[{'id': 'INVOICE', 'name': 'Facturación', 'value_id': '6891885', 'value_name': 'Factura A', 'value_struct': None, 'values': [{'id': '6891885', 'name': 'Factura A', 'struct': None}], 'value_type': 'list'}, {'id': 'WARRANTY_TYPE', 'name': 'Tipo de garantía', 'value_id': '2230280', 'value_name': 'Garantía del vendedor', 'value_struct': None, 'values': [{'id': '2230280', 'name': 'Garantía del vendedor', 'struct': None}], 'value_type': 'list'}, {'id': 'WARRANTY_TIME', 'name': 'Tiempo de garantía', 'value_id': None, 'value_name': '6 meses', 'value_struct': {'number': 6, 'unit': 'meses'}, 'values': [{'id': None, 'name': '6 meses', 'struct': {'number': 6, 'unit': 'meses'}}], 'value_type': 'number_unit'}]",buy_it_now
